Name,BPS,PER,PBR,EPS,DIV,DPS
삼성전자,57822,8.76,1.22,8057,2.05,1444
LG에너지솔루션,80052,151.85,6.27,3306,0.0,0
SK하이닉스,92004,35.84,1.26,3242,1.03,1200
삼성바이오로직스,126233,63.36,5.74,11442,0.0,0
삼성전자우,0,0.0,0.0,0,2.53,1445
POSCO홀딩스,692323,13.27,0.79,41456,2.18,12000
현대차,407147,6.54,0.46,28521,3.75,7000
LG화학,445524,23.57,1.25,23670,1.79,10000
삼성SDI,251948,19.22,2.23,29191,0.18,1030
NAVER,151646,43.84,1.45,5007,0.42,914
기아,98117,5.79,0.8,13495,4.48,3500
포스코퓨처엠,31922,261.3,12.5,1527,0.08,300
현대모비스,410816,8.58,0.57,27163,1.72,4000
KB금융,124124,4.97,0.44,10955,5.42,2950
카카오,22893,15.6,2.12,3106,0.12,60
셀트리온,28937,39.11,5.07,3751,0.26,375
삼성물산,164524,8.69,0.66,12460,2.12,2300
신한지주,95206,4.25,0.38,8454,5.75,2065
LG전자,116599,15.0,0.85,6640,0.7,700
SK이노베이션,229593,9.09,0.72,18214,3.53,5840
삼성생명,124081,7.89,0.56,8817,4.31,3000
포스코인터내셔널,32288,16.05,2.38,4780,1.3,1000
LG,164082,6.77,0.51,12422,3.57,3000
삼성화재,276525,8.8,0.96,30113,5.21,13800
KT&G,80114,10.47,1.11,8489,5.62,5000
하나금융지주,124935,3.43,0.32,11803,8.27,3350
카카오뱅크,11988,44.76,2.06,553,0.32,80
한국전력,63158,0.0,0.29,0,0.0,0
메리츠금융지주,27050,6.55,2.04,8406,0.19,105
HD현대중공업,59566,0.0,2.13,0,0.0,0
삼성에스디에스,106311,9.81,1.31,14218,2.29,3200
SK,391404,7.53,0.38,19547,3.4,5000
두산에너빌리티,11146,0.0,1.5,0,0.0,0
SK텔레콤,51911,11.87,0.94,4118,6.79,3320
고려아연,455251,12.43,1.17,42967,3.75,20000
삼성전기,103702,10.8,1.35,12977,1.5,2100
하이브,66995,198.02,3.74,1265,0.0,0
우리금융지주,39505,2.87,0.3,4191,9.41,1130
S-Oil,75353,4.29,1.03,18075,7.09,5500
기업은행,36302,3.28,0.3,3320,8.82,960
HD한국조선해양,137382,0.0,0.87,0,0.0,0
대한항공,24426,4.77,0.94,4787,3.28,750
HMM,42300,0.8,0.39,20556,7.26,1200
KT,64880,5.97,0.48,5209,6.3,1960
한화오션,6945,0.0,4.99,0,0.0,0
크래프톤,108962,14.5,1.42,10666,0.0,0
아모레퍼시픽,82107,65.32,1.55,1949,0.53,680
삼성중공업,4209,0.0,1.97,0,0.0,0
LG생활건강,364213,33.09,1.28,14112,0.86,4000
금양,2188,0.0,56.95,0,0.0,0
SK바이오팜,4042,0.0,21.75,0,0.0,0
현대글로비스,183094,5.45,0.94,31729,3.3,5700
삼성엔지니어링,13741,9.51,2.35,3392,0.0,0
유한양행,28354,60.27,2.82,1329,0.5,400
DB손해보험,89508,5.28,0.97,16373,5.32,4600
현대오토에버,53924,52.48,4.04,4154,0.52,1140
한화에어로스페이스,56612,29.77,2.08,3964,0.85,1000
카카오페이,13583,108.72,3.26,407,0.0,0
롯데케미칼,404799,80.77,0.34,1716,2.53,3500
LG이노텍,180261,5.98,1.37,41406,1.68,4150
SK아이이테크놀로지,30501,0.0,2.68,0,0.0,0
한화솔루션,47292,17.83,0.71,1873,0.0,0
SK스퀘어,118972,21.94,0.34,1837,0.0,0
HD현대,105921,3.56,0.67,19933,6.48,4600
SK바이오사이언스,22683,45.55,3.21,1596,0.0,0
엔씨소프트,157391,11.58,1.58,21456,2.69,6680
두산밥캣,50136,8.27,1.06,6421,2.54,1350
맥쿼리인프라
한미반도체,4008,57.08,13.37,939,0.37,200
현대제철,142260,4.89,0.27,7736,2.65,1000
한온시스템,4190,240.0,2.18,38,3.95,360
한국항공우주,14648,41.07,3.41,1215,0.5,250
오리온,64606,12.35,1.9,9926,0.77,950
한국타이어앤테크놀로지,72196,6.85,0.54,5658,2.06,800
LG디스플레이,27611,0.0,0.48,0,0.0,0
LG유플러스,18996,6.67,0.54,1543,6.32,650
넷마블,66649,0.0,0.78,0,0.0,0
CJ제일제당,459670,7.99,0.65,37188,1.85,5500
F&F,24159,10.01,4.79,11571,1.38,1600
코스모신소재,8099,157.38,17.51,901,0.0,0
미래에셋증권,21818,6.59,0.31,1033,2.94,200
현대건설,69028,9.84,0.52,3637,1.68,600
한미약품,70131,46.4,4.4,6648,0.16,500
금호석유,234861,3.5,0.56,37290,4.13,5400
현대차2우B,0,0.0,0.0,0,6.9,7100
GS,133899,1.76,0.3,22634,6.29,2500
삼성카드,73934,5.26,0.42,5831,8.14,2500
현대미포조선,53525,0.0,1.67,0,0.0,0
호텔신라,14543,0.0,6.03,0,0.23,200
강원랜드,16846,27.98,0.95,570,2.19,350
NH투자증권,21824,11.49,0.46,881,6.92,700
삼성증권,69383,7.92,0.54,4730,4.54,1700
현대로템,13930,16.61,2.16,1812,0.0,0
SKC,50774,0.0,1.62,0,1.34,1100
코웨이,31887,6.67,1.32,6314,3.09,1300
LS,144965,5.91,0.66,16306,1.61,1550
한국금융지주,145614,4.83,0.36,10900,4.36,2300
현대해상,53896,4.5,0.59,7099,6.15,1965
LS ELECTRIC,52919,30.87,1.8,3077,1.16,1100
쌍용C&E,3172,22.17,1.77,254,7.82,440
한진칼,37047,4.08,1.12,10143,0.41,170
아모레G,44015,49.7,0.74,657,0.63,205
롯데지주,100489,10.7,0.25,2387,5.87,1500
농심,398464,21.89,1.1,20081,1.14,5000
키움증권,183566,5.6,0.55,17919,2.99,3000
BGF리테일,55724,13.31,2.68,11203,2.75,4100
CJ,191537,14.61,0.46,6023,2.84,2500
GS리테일,39627,61.14,0.61,395,1.78,430
HD현대일렉트릭,22854,15.31,3.02,4514,0.72,500
한화시스템,10697,0.0,1.23,0,1.9,250
씨에스윈드,21158,0.0,2.76,0,0.85,500
현대차우,0,0.0,0.0,0,6.92,7050
영원무역,64162,3.6,0.86,15377,2.76,1530
LG화학우,0,0.0,0.0,0,3.16,10050
한전기술,14284,132.84,4.39,472,0.45,283
휠라홀딩스,31226,6.88,1.26,5720,4.02,1580
두산,132422,0.0,1.08,0,1.4,2000
한미사이언스,10673,33.47,3.17,1010,0.59,200
한화생명,9020,3.12,0.3,855,0.0,0
팬오션,8404,3.33,0.5,1267,3.55,150
영풍제지,3320,249.23,14.56,194,1.61,779
한국가스공사,118693,1.41,0.21,17317,0.0,0
DB하이텍,37784,3.91,1.33,12858,2.58,1300
BNK금융지주,30468,2.87,0.23,2404,9.06,625
제일기획,11967,9.95,1.59,1913,6.04,1150
HD현대인프라코어,8273,9.17,1.29,1163,2.25,240
에스원,45045,12.45,1.23,4467,4.5,2500
신세계,418209,5.16,0.51,41282,1.76,3750
효성첨단소재,158341,16.58,2.94,28053,3.23,15000
롯데쇼핑,338431,0.0,0.21,0,4.54,3300
JB금융지주,23551,3.43,0.44,2996,8.12,835
KCC,695902,49.41,0.32,4564,3.55,8000
롯데에너지머티리얼즈,31661,45.47,1.36,950,0.69,300
이마트,418373,1.9,0.17,37528,2.81,2000
HL만도,45998,19.39,0.88,2096,1.23,500
이수페타시스,3515,18.52,8.53,1620,0.33,100
한화,70822,1.78,0.36,14169,2.98,750
LIG넥스원,42909,15.07,1.98,5641,1.76,1500
한솔케미칼,70184,11.68,2.35,14099,1.28,2100
CJ대한통운,179031,9.84,0.45,8190,0.62,500
대우건설,9040,3.59,0.49,1227,0.0,0
효성중공업,104660,172.2,1.8,1097,0.0,0
KG모빌리티,5846,0.0,1.61,0,0.0,0
동서,15510,10.19,1.12,1701,4.21,730
현대엘리베이,28992,21.6,1.43,1924,1.2,500
대한전선,7000,72.44,1.86,180,0.0,0
효성티앤씨,283313,139.05,1.32,2686,2.68,10000
에스디바이오센서,28794,1.44,0.45,8997,7.64,990
코스맥스,51220,76.99,2.76,1838,0.0,0
에스엘,35492,10.09,0.96,3360,1.77,600
현대백화점,209760,10.18,0.32,6593,1.94,1300
동원산업,69698,5.87,0.48,5748,3.26,1100
두산퓨얼셀,7988,506.38,2.98,47,0.0,0
현대위아,124563,23.02,0.46,2463,1.23,700
롯데정밀화학,90075,10.3,0.66,5738,5.92,3500
SK네트웍스,10311,16.18,0.62,395,1.88,120
한전KPS,27016,14.94,1.23,2226,3.92,1305
솔루엠,5958,31.18,4.99,954,0.0,0
오뚜기,528433,4.6,0.7,80501,2.43,9000
OCI홀딩스,166136,2.44,0.54,36941,2.77,2500
HD현대건설기계,80387,12.12,0.92,6112,2.36,1750
삼양식품,60733,17.97,3.16,10665,0.73,1400
삼아알미늄,12540,62.6,7.81,1564,0.26,250
한올바이오파마,3319,5510.0,8.3,5,0.0,0
대덕전자,17302,8.07,1.66,3570,1.39,400
코스모화학,6020,119.0,6.5,329,0.0,0
LX세미콘,58432,5.86,1.44,14368,5.34,4500
하이트진로,16906,15.57,1.15,1250,4.88,950
한샘,28093,0.0,2.04,0,1.4,800
효성,128334,80.79,0.49,786,7.09,4500
녹십자,116367,20.02,0.99,5735,1.52,1750
코오롱인더,94856,8.14,0.51,5934,2.69,1300
TCC스틸,8127,40.52,6.18,1239,0.24,120
금호타이어,3920,0.0,1.16,0,0.0,0
DGB금융지주,31812,3.39,0.24,2266,8.45,650
이수스페셜티케미컬,0,0.0,0.0,0,0.0,0
대웅제약,54929,28.54,1.98,3816,0.55,600
덴티움,43354,11.2,2.58,9980,0.27,300
GS건설,56917,3.61,0.25,3997,9.02,1300
한국콜마,29024,0.0,1.85,0,0.93,500
DL이앤씨,114397,3.09,0.27,10130,3.19,1000
SK가스,260823,4.5,0.49,28644,5.04,6500
롯데칠성,150133,10.06,0.85,12754,2.57,3300
종근당,51191,14.02,1.81,6625,1.08,1000
코리안리,22976,7.16,0.35,1132,5.3,430
해성디에스,26311,7.18,2.56,9376,1.34,900
LX인터내셔널,62867,2.03,0.46,14325,10.29,3000
STX,1753,0.0,20.68,0,0.0,0
솔루스첨단소재,15536,0.0,2.04,0,0.31,100
SK오션플랜트,9783,39.41,2.11,524,0.0,0
GKL,6183,0.0,2.83,0,0.0,0
한국앤컴퍼니,40622,6.43,0.28,1749,5.78,650
SK케미칼,124642,6.24,0.5,9910,2.43,1500
롯데웰푸드,228909,18.1,0.49,6160,2.06,2300
롯데관광개발,3223,0.0,4.43,0,0.0,0
더존비즈온,15301,50.96,2.25,676,0.36,123
후성,3882,10.45,2.82,1047,0.18,20
영원무역홀딩스,176464,1.99,0.43,37988,4.04,3050
명신산업,7315,11.97,2.67,1633,0.0,0
JW중외제약,10660,33.66,4.2,1331,0.84,375
풍산,67365,5.63,0.53,6395,2.78,1000
롯데렌탈,35333,10.34,0.75,2577,3.38,900
영풍,2272640,2.48,0.23,213453,1.89,10000
아이에스동서,46278,4.86,0.68,6426,0.0,0
오리온홀딩스,35982,8.81,0.42,1712,4.64,700
OCI,0,0.0,0.0,0,0.0,0
제주항공,3986,0.0,3.0,0,0.0,0
동원시스템즈,25113,12.82,1.26,2472,1.89,600
신풍제약,6690,0.0,2.57,0,0.0,0
대한유화,301477,0.0,0.46,0,0.71,1000
NHN,49179,0.0,0.52,0,0.0,0
한일시멘트,20910,11.13,0.61,1138,4.58,580
드림텍,6133,13.71,2.16,965,1.51,200
TKG휴켐스,19290,10.01,1.11,2132,4.68,1000
일진하이솔루스,8667,123.45,2.76,194,0.0,0
대웅,19933,6.0,0.74,2467,0.68,100
세방전지,91306,19.09,0.67,3222,0.98,600
한세실업,13687,9.69,1.55,2182,2.36,500
DN오토모티브,101507,4.03,0.83,20987,2.96,2500
SK리츠
이노션,42482,11.91,0.99,3530,5.11,2150
ESR켄달스퀘어리츠
KG스틸,16907,1.56,0.49,5357,1.8,150
롯데리츠
세아베스틸지주,52580,8.98,0.44,2572,5.19,1200
PI첨단소재,11627,18.02,2.41,1557,2.78,779
다우기술,53655,2.1,0.34,8634,3.31,600
DL,194062,14.35,0.2,2679,2.6,1000
아시아나항공,9289,21.75,1.17,498,0.0,0
세아제강지주,372105,2.82,0.52,68897,1.16,2250
제이알글로벌리츠
넥센타이어,16520,0.0,0.49,0,1.23,100
LG전자우,0,0.0,0.0,0,1.65,750
미래에셋생명,10179,9.97,0.43,441,0.0,0
미원상사,70659,10.86,2.27,14752,0.94,1500
율촌화학,13460,0.0,2.32,0,0.8,250
하나투어,7960,0.0,5.95,0,0.0,0
SK디스커버리,153209,1.85,0.26,21631,4.25,1700
더블유게임즈,43874,0.0,0.95,0,1.44,600
비에이치,17692,4.83,1.24,4551,1.14,250
삼부토건,975,0.0,3.77,0,0.0,0
대신증권,40616,8.22,0.35,1750,8.34,1200
프레스티지바이오파마
동양생명,12252,9.37,0.36,475,0.0,0
SNT모티브,66442,7.5,0.73,6470,3.3,1600
녹십자홀딩스,23095,20.63,0.65,727,2.0,300
HSD엔진,3099,0.0,3.14,0,0.0,0
경동나비엔,35820,12.88,1.33,3707,1.05,500
보령,7833,15.88,1.29,636,0.99,100
신세계인터내셔날,23264,5.83,0.83,3313,2.59,500
쿠쿠홀딩스,31140,5.15,0.62,3755,4.14,800
애경케미칼,15115,11.27,0.93,1249,3.91,550
HDC현대산업개발,43919,13.35,0.23,764,5.88,600
F&F홀딩스,52493,5.05,0.33,3384,2.05,350
진에어,2116,0.0,5.95,0,0.0,0
미원에스씨,75680,10.15,1.73,12932,1.75,2300
KCC글라스,90484,6.91,0.45,5894,5.9,2400
태광산업,4906107,1.43,0.12,406090,0.3,1750
대상,37616,7.93,0.49,2306,4.38,800
동아쏘시오홀딩스,157100,55.21,0.63,1784,1.52,1500
DI동일,31182,8.44,0.76,2803,1.06,250
동아에스티,78380,43.91,0.88,1576,1.01,700
애경산업,13672,36.0,1.66,632,1.36,310
삼양홀딩스,240995,7.64,0.29,9173,4.99,3500
NICE평가정보,5732,11.15,1.71,882,3.76,370
삼성화재우,0,0.0,0.0,0,7.39,13805
동원F&B,45847,6.58,0.68,4711,2.26,701
LX홀딩스,21133,3.56,0.37,2190,3.97,310
SK렌터카,11371,27.53,1.11,457,1.19,150
한국카본,9394,28.26,1.42,471,0.98,130
SPC삼립,48007,10.17,1.39,6568,2.54,1700
자화전자,17892,0.0,1.45,0,0.0,0
대한해운,4912,3.48,0.36,507,0.0,0
일동제약,7140,0.0,2.89,0,0.0,0
한국단자,84382,11.29,0.63,4723,1.31,700
롯데손해보험,1451,0.0,1.23,0,0.0,0
KG케미칼,11474,1.69,0.69,4677,1.26,100
신한알파리츠
케이카,5112,17.8,2.2,631,6.77,760
현대홈쇼핑,171103,5.95,0.26,7541,5.79,2600
신성이엔지,1036,15.57,2.52,168,0.0,0
한화투자증권,7273,0.0,0.34,0,0.0,0
바이오노트,15707,1.59,0.33,3277,9.4,490
티웨이항공,371,0.0,7.09,0,0.0,0
신영증권,177863,5.2,0.32,10783,7.13,4000
빙그레,65119,18.21,0.81,2905,2.84,1500
동국제강,0,0.0,0.0,0,0.0,0
NICE,21230,13.54,0.65,1012,2.99,410
유안타증권,8081,12.22,0.32,209,4.31,110
엠씨넥스,17477,21.81,1.61,1293,1.77,500
SK디앤디,31414,7.44,0.73,3084,3.49,800
고려제강,64024,6.25,0.32,3242,1.48,300
부광약품,3845,0.0,1.83,0,0.0,0
한화손해보험,1426,2.3,2.99,1856,0.0,0
미래에셋증권2우B,0,0.0,0.0,0,5.63,200
코람코에너지리츠
쿠쿠홈시스,31261,4.26,0.7,5118,3.21,700
지누스,34132,15.62,0.76,1658,2.05,530
SBS,46405,3.06,0.57,8623,3.8,1000
한섬,60819,3.45,0.32,5599,3.88,750
이엔플러스,1107,0.0,6.33,0,0.0,0
삼양사,136968,6.66,0.33,6872,2.73,1250
영진약품,491,0.0,5.27,0,0.0,0
파미셀,1328,42.64,5.84,182,0.0,0
유나이티드제약,22971,9.3,1.24,3058,1.41,400
국도화학,99565,5.94,0.51,8626,2.73,1400
화승엔터프라이즈,8870,0.0,0.85,0,0.6,45
일진전기,9304,18.59,1.3,653,1.07,130
케이씨텍,20995,7.95,1.02,2692,1.17,250
대동,15973,10.09,1.14,1812,0.55,100
삼성SDI우,0,0.0,0.0,0,0.4,1080
LX하우시스,87146,0.0,0.55,0,0.41,200
유니퀘스트,13196,8.9,1.25,1853,1.21,200
쏘카,7565,0.0,1.72,0,0.0,0
송원산업,28443,3.22,0.62,5497,2.82,500
엘브이엠씨홀딩스
삼천리,410695,7.22,0.25,14387,2.89,3000
에이프로젠,923,0.0,1.75,0,0.0,0
세아홀딩스,530930,3.27,0.19,31597,3.87,4000
흥아해운,544,18.28,3.16,94,0.0,0
서연이화,26709,7.34,0.57,2060,0.99,150
LF,51612,2.61,0.27,5351,5.02,700
유니드,135798,4.05,0.44,14826,3.33,2000
화신,10839,5.16,1.07,2254,0.86,100
롯데정보통신,28084,13.08,0.94,2015,2.66,700
풀무원,11212,0.0,0.95,0,0.96,102
삼화콘덴서,21828,13.63,1.77,2840,1.29,500
SNT다이내믹스,29430,11.86,0.41,1027,4.11,500
E1,249560,2.39,0.24,24536,6.13,3600
쎌마테라퓨틱스,69,0.0,92.9,0,0.0,0
LG생활건강우,0,0.0,0.0,0,2.12,4050
현대그린푸드,0,0.0,0.0,0,0.0,0
아세아시멘트,24770,6.27,0.41,1631,2.2,225
아모레퍼시픽우,0,0.0,0.0,0,1.82,685
이수화학,11236,17.04,1.55,1019,2.88,500
세아제강,296062,2.45,0.47,56889,4.31,6000
대원제약,11967,11.88,1.5,1510,1.95,350
SGC에너지,48174,3.29,0.55,8093,6.38,1700
신영증권우,0,0.0,0.0,0,7.39,4050
삼성FN리츠
한국자산신탁,7620,3.5,0.41,885,7.1,220
CJ CGV,5510,0.0,1.46,0,0.0,0
HDC,44094,0.0,0.14,0,3.95,250
남해화학,10670,7.72,0.71,986,1.31,100
맵스리얼티1
코리아써키트,20204,6.29,0.78,2507,0.0,0
유진투자증권,10623,22.71,0.36,168,1.57,60
한화리츠
아세아,548397,3.68,0.31,46012,2.21,3750
HL홀딩스,102608,112.9,0.35,314,5.64,2000
잇츠한불,20944,0.0,0.78,0,0.92,150
KB스타리츠
에어부산,1086,0.0,2.79,0,0.0,0
YG PLUS,2248,30.22,2.46,183,0.0,0
대신증권우,0,0.0,0.0,0,9.25,1250
백광산업,4741,15.87,1.64,491,0.77,60
대원강업,7802,18.42,0.72,304,1.79,100
DB,1492,57.33,1.15,30,0.0,0
BGF,16528,14.6,0.22,247,3.05,110
서흥,37893,9.77,0.79,3056,1.34,400
퍼시스,52783,46.13,0.56,646,3.69,1100
한일홀딩스,46069,3.82,0.24,2904,7.22,800
풍산홀딩스,99583,4.49,0.34,7614,3.8,1300
현대퓨처넷,6836,0.0,0.45,0,2.91,90
광동제약,12593,11.04,0.52,588,1.54,100
아세아제지,89799,3.6,0.42,10540,2.64,1000
이아이디,1584,0.0,0.88,0,0.0,0
이연제약,13956,43.73,1.3,415,0.83,150
KEC,1912,11.97,0.88,140,3.58,60
티와이홀딩스,42418,2.58,0.16,2579,2.25,150
포스코스틸리온,57026,14.74,0.98,3785,1.57,875
조광피혁,106403,29.6,0.47,1706,0.0,0
남양유업,1079345,0.0,0.43,0,0.21,1000
서울가스,270188,14.56,0.25,4554,2.64,1750
대한제강,38135,2.03,0.35,6605,5.83,780
HD현대에너지솔루션,34065,5.4,0.86,5412,2.05,600
교보증권,24572,7.44,0.21,681,3.94,200
조일알미늄,1476,18.1,1.74,142,0.0,0
세진중공업,2993,26.98,1.91,212,2.62,150
신도리코,109950,6.41,0.29,5007,4.67,1500
조선내화,0,0.0,0.0,0,0.0,0
두산우,0,0.0,0.0,0,2.53,2050
삼진제약,20811,13.34,1.11,1728,3.47,800
이리츠코크렙
한일현대시멘트,18827,8.39,0.88,1971,3.63,600
STX엔진,11315,0.0,1.22,0,0.0,0
알루코,2639,22.1,1.3,155,0.0,0
HJ중공업,4624,0.0,0.82,0,0.0,0
일양약품,12974,15.87,1.27,1036,0.91,150
LS네트웍스,7510,0.0,0.53,0,0.0,0
STX중공업,6770,21.87,1.61,498,0.0,0
남선알미늄,2376,10.11,1.01,238,0.0,0
한화3우B,0,0.0,0.0,0,5.8,800
한국토지신탁,4503,11.58,0.27,106,7.33,90
한진,96471,6.28,0.21,3290,2.91,600
LG헬로비전,8077,0.0,0.49,0,3.01,120
효성화학,36068,0.0,2.66,0,0.0,0
코오롱플라스틱,6728,8.59,1.2,939,2.23,180
농심홀딩스,231914,8.92,0.28,7353,3.81,2500
JW홀딩스,1513,13.35,2.76,313,2.39,100
아이마켓코리아,11376,12.8,0.79,706,6.64,600
진원생명과학,2340,0.0,1.66,0,0.0,0
한국쉘석유,86889,11.26,2.66,20555,7.78,18000
콘텐트리중앙,9617,0.0,1.61,0,0.0,0
모토닉,19912,9.14,0.45,988,4.43,400
SK증권,1525,27.35,0.41,23,0.79,5
락앤락,11990,0.0,0.49,0,32.99,1953
삼익THK,10179,17.45,1.38,804,2.14,300
대한제당,5992,11.94,0.55,276,3.64,120
KISCO홀딩스,75645,3.16,0.24,5760,3.3,600
스카이라이프,17321,13.06,0.35,470,5.7,350
수산인더스트리,32090,5.74,0.63,3544,2.95,600
도화엔지니어링,7986,182.98,1.08,47,3.26,280
동화약품,13165,14.08,0.79,736,1.74,180
지역난방공사,143557,0.0,0.17,0,0.0,0
웅진씽크빅,3142,92.41,0.79,27,4.41,110
스틱인베스트먼트,6347,16.12,1.09,428,2.9,200
일성신약,60174,1.53,0.36,14122,18.54,4005
에이프로젠바이오로직스,720,22.63,0.6,19,0.0,0
신성통상,2389,3.71,0.83,533,0.0,0
휴스틸,16181,0.89,0.31,5675,6.93,350
CJ4우(전환),0,0.0,0.0,0,3.82,2550
TYM,7778,2.76,0.8,2262,4.81,300
SIMPAC,11050,3.06,0.38,1381,4.73,200
제주은행,16243,13.57,0.53,636,1.16,100
다올투자증권,11357,4.41,0.4,1019,3.34,150
환인제약,21845,9.35,0.67,1567,2.05,300
한미글로벌,17414,10.11,1.42,2449,2.22,550
LS전선아시아,4898,0.0,1.82,0,2.81,250
현대차증권,38617,3.21,0.22,2654,6.46,550
종근당홀딩스,108745,245.21,0.49,219,2.61,1400
벽산,4254,22.29,0.92,175,0.64,25
DL건설,45294,4.93,0.27,2445,2.07,250
한전산업,2947,16.27,2.76,499,2.81,228
한국콜마홀딩스,33447,0.0,0.42,0,2.12,300
웰바이오텍,561,0.0,5.12,0,0.0,0
삼양패키징,22869,21.15,0.72,777,4.56,750
현대코퍼레이션,36053,2.95,0.54,6554,3.1,600
에이블씨엔씨,4422,273.61,2.23,36,0.0,0
제일약품,10837,0.0,1.61,0,0.29,50
하나제약,15515,10.23,0.93,1405,3.55,510
사조대림,67677,2.86,0.41,9689,1.26,350
한국철강,20372,2.91,0.29,2055,5.03,300
한솔제지,31224,3.42,0.34,3104,6.59,700
디아이씨,2625,81.77,2.46,79,0.0,0
BYC,825735,9.5,0.49,42272,0.75,3000
대상홀딩스,20315,7.95,0.34,868,3.91,270
한화갤러리아,0,0.0,0.0,0,0.0,0
한국제지,1760,33.49,0.74,39,0.0,0
SNT홀딩스,68239,4.28,0.22,3556,4.6,700
AK홀딩스,41948,0.0,0.44,0,1.08,200
현대지에프홀딩스,20860,5.95,0.18,640,5.51,210
광주신세계,99270,4.28,0.31,7157,7.19,2200
현대차3우B,0,0.0,0.0,0,6.99,7050
넥스틸,259899,1.06,0.04,8850,0.0,0
동양,4062,0.0,0.25,0,3.95,40
한국금융지주우,0,0.0,0.0,0,5.75,2362
경방,30304,49.44,0.29,177,1.43,125
KIB플러그에너지,475,20.41,2.11,49,0.0,0
동성케미컬,7735,6.62,0.61,714,4.23,200
코오롱글로벌,22544,2.15,0.54,5710,3.26,400
케이씨,58058,2.12,0.3,8092,2.04,350
코오롱모빌리티그룹,0,0.0,0.0,0,0.0,0
동국씨엠,0,0.0,0.0,0,0.0,0
세방,54430,2.48,0.22,4819,2.51,300
코오롱,76319,1.82,0.24,10012,3.02,550
부국증권,116987,4.66,0.19,4736,6.8,1500
삼영무역,26238,4.04,0.47,3054,4.86,600
유니켐,1678,73.94,1.45,33,0.82,20
신대양제지,15417,4.24,0.36,1319,2.24,125
신세계 I&C,27495,2.04,0.47,6381,3.84,500
넥센,22295,13.22,0.19,317,2.63,110
한농화성,9977,25.53,1.44,561,0.84,120
이지스밸류리츠
휴비스,11585,0.0,0.56,0,0.0,0
JW생명과학,9063,14.49,1.54,966,3.57,500
성신양회,16402,0.0,0.55,0,2.22,200
CR홀딩스,21609,6.11,0.36,1279,5.75,450
롯데하이마트,55987,0.0,0.17,0,3.23,300
대덕,17890,11.73,0.36,549,6.21,400
아주스틸,9135,160.59,0.9,51,0.0,0
대한제분,558185,5.16,0.23,24697,1.96,2500
일진다이아,28217,0.0,0.54,0,1.99,300
한솔테크닉스,9749,14.17,0.68,468,1.51,100
에스엠벡셀,603,20.7,3.16,92,0.0,0
일신방직,39009,1.81,0.23,5047,5.49,500
대성에너지,11539,0.0,0.66,0,3.29,250
NPC,9416,8.44,0.61,678,1.75,100
S-Oil우,0,0.0,0.0,0,10.6,5525
KPX케미칼,122776,7.21,0.35,6015,6.34,2750
디아이,5841,13.28,1.28,564,1.34,100
일진홀딩스,9402,10.51,0.45,400,3.57,150
KPX홀딩스,210854,21.55,0.23,2267,6.14,3000
우진,7877,21.17,1.28,478,1.48,150
무림P&P,10484,4.56,0.31,721,4.56,150
미원홀딩스,95466,10.13,0.92,8717,0.79,700
대교,5825,0.0,0.41,0,1.24,30
교촌에프앤비,7157,37.99,1.14,214,2.46,200
태경산업,10077,6.01,0.69,1154,4.32,300
디앤디플랫폼리츠
GS글로벌,4813,2.87,0.51,851,0.0,0
키다리스튜디오,7338,0.0,0.74,0,0.92,50
HDC랩스,11339,14.41,0.68,538,5.81,450
이월드,1742,35.5,0.82,40,0.0,0
삼성제약,1528,0.0,1.96,0,0.0,0
대성홀딩스,29781,55.38,0.42,225,2.01,250
AJ네트웍스,8076,21.34,0.53,201,6.29,270
사조산업,102866,2.85,0.39,13998,0.88,350
하이트진로홀딩스,26118,6.01,0.33,1427,5.83,500
자이에스앤디,12735,2.09,0.4,2447,5.86,300
태경비케이,6444,8.42,1.11,850,1.82,130
삼성전기우,0,0.0,0.0,0,3.16,2150
대창단조,9161,4.83,0.75,1417,2.92,200
화승인더,6884,207.35,0.51,17,5.33,188
현대비앤지스틸,34806,7.51,0.37,1715,0.78,100
경농,12997,6.61,0.76,1503,4.02,400
흥국화재,11208,1.41,0.27,2142,0.0,0
금호건설,15149,8.93,0.35,587,9.54,500
예스코홀딩스,112673,0.0,0.29,0,7.73,2500
금호석유우,0,0.0,0.0,0,8.6,5450
디와이,13814,0.0,0.52,0,1.66,120
한독,27596,17.76,0.5,776,2.9,400
선진,17831,8.11,0.44,975,1.26,100
백산,7626,4.35,1.07,1882,1.83,150
경보제약,6011,301.92,1.31,26,0.64,50
LG우,0,0.0,0.0,0,4.94,3050
KSS해운,17995,4.0,0.45,2016,4.34,350
퍼스텍,1183,102.57,3.21,37,0.0,0
진양홀딩스,6258,7.32,0.53,452,6.04,200
한세예스24홀딩스,10535,8.47,0.44,543,5.43,250
신한서부티엔디리츠
HLB글로벌,1507,0.0,2.87,0,0.0,0
NH투자증권우,0,0.0,0.0,0,7.76,750
덕양산업,2608,11.48,2.14,487,0.0,0
노루페인트,17634,16.08,0.51,564,3.03,275
그린케미칼,5251,61.54,1.44,123,3.04,230
경동인베스트,205405,11.72,0.37,6519,0.98,750
세종공업,14878,101.88,0.44,64,1.53,100
제일파마홀딩스,22003,0.0,0.52,0,0.44,50
만호제강,79971,20.23,0.55,2168,0.57,250
서연,24599,2.52,0.31,3034,1.31,100
제이에스코퍼레이션,20205,2.63,0.67,5118,6.32,850
테이팩스,31365,9.32,1.19,4013,2.41,900
삼영,1525,65.75,3.45,80,0.0,0
금강공업,13661,3.13,0.44,1933,1.98,120
NI스틸,6580,3.63,0.94,1706,1.61,100
한신기계,2861,0.0,1.9,0,0.18,10
CJ제일제당 우,0,0.0,0.0,0,4.16,5550
동국홀딩스,34362,2.48,0.32,4474,4.51,500
코람코더원리츠
삼성출판사,17559,14.83,1.0,1179,1.14,200
태림포장,4948,9.76,0.5,253,2.02,50
대성산업,16329,0.0,0.24,0,0.0,0
경인양행,5831,12.13,0.72,345,1.19,50
일동홀딩스,1046,0.0,14.05,0,0.68,100
진흥기업,1545,3.46,0.76,341,0.0,0
DB금융투자,22203,0.0,0.18,0,4.19,170
동아지질,15999,0.0,0.76,0,4.12,500
현대리바트,21802,0.0,0.38,0,0.0,0
삼영전자,26088,9.3,0.32,909,3.55,300
삼화페인트,12654,26.03,0.49,237,4.05,250
한국화장품,1409,281.35,7.39,37,0.0,0
한국무브넥스,9592,4.93,0.56,1095,1.3,70
해태제과식품,9537,0.0,0.59,0,3.53,200
우신시스템,5701,52.34,1.57,171,0.34,30
극동유화,5808,7.84,0.8,593,4.3,200
무학,18143,0.0,0.32,0,4.01,230
한국패러랠
SNT에너지,38778,9.42,0.56,2292,3.7,800
아모레G3우(전환),0,0.0,0.0,0,2.96,667
인지컨트롤스,13364,10.67,0.76,947,1.98,200
용평리조트,7847,0.0,0.42,0,0.0,0
금호에이치티,1749,0.0,0.46,0,0.0,0
샘표,92028,11.2,0.59,4831,0.37,200
아남전자,1270,11.13,1.59,181,0.0,0
동아타이어,27514,6.43,0.41,1747,8.9,1000
와이투솔루션,2590,0.0,1.62,0,0.0,0
미원화학,64815,8.82,1.08,7959,3.56,2500
동성제약,1872,0.0,3.14,0,0.0,0
한국주철관,15912,12.04,0.42,559,5.94,400
대호에이엘,1456,20.7,1.62,114,0.0,0
태영건설,19502,2.43,0.2,1607,5.77,225
신세계푸드,75425,0.0,0.52,0,1.92,750
태양금속,3058,0.0,1.35,0,0.12,5
컨버즈,402,0.0,10.2,0,0.0,0
성안,458,0.0,4.88,0,0.0,0
유수홀딩스,13726,4.76,0.42,1218,6.9,400
유니온머티리얼,1996,0.0,1.79,0,0.98,35
노루홀딩스,38479,4.74,0.29,2391,4.41,500
삼양통상,147462,9.27,0.34,5339,3.03,1500
태경케미컬,12992,16.25,0.98,782,1.57,200
디와이파워,21781,8.24,0.61,1618,1.88,250
샘표식품,49786,11.45,0.66,2869,0.61,200
강남제비스코,92542,23.48,0.24,952,2.24,500
동부건설,25542,3.64,0.25,1737,7.91,500
효성ITX,5956,9.94,2.09,1254,6.01,750
사조동아원,1639,127.0,0.62,8,0.0,0
성창기업지주,9349,0.0,0.22,0,0.0,0
이구산업,3804,24.71,1.11,171,1.18,50
KTcs,4834,7.57,0.68,436,3.64,120
대구백화점,27810,0.0,0.46,0,0.39,50
삼성물산우B,0,0.0,0.0,0,2.75,2350
한컴라이프케어,4596,15.11,1.09,333,0.0,0
인스코비,567,0.0,2.12,0,0.0,0
토니모리,3871,0.0,1.48,0,0.0,0
동일산업,192642,5.63,0.29,10085,5.28,3000
아시아나IDT,14410,15.98,0.86,774,4.04,500
한국석유,13490,11.66,0.78,906,1.04,110
NH올원리츠
대한화섬,635611,3.42,0.16,29768,0.74,750
신라교역,35416,9.37,0.24,899,5.94,500
종근당바이오,26941,0.0,0.91,0,0.0,0
광전자,4514,8.42,0.51,275,2.16,50
현대약품,3144,0.0,1.33,0,0.72,30
SK이노베이션우,0,0.0,0.0,0,5.47,5890
신원,2866,5.77,0.45,224,7.74,100
디씨엠,28881,2.84,0.4,4097,7.74,900
신흥,11398,15.53,1.23,901,1.79,250
대창,3225,30.4,0.45,48,0.0,0
한국내화,6218,139.35,0.52,23,1.4,45
DRB동일,18971,81.63,0.34,80,0.61,40
한국화장품제조,13033,25.97,2.22,1113,0.35,100
팜스코,7532,0.0,0.47,0,1.4,50
황금에스티,19636,3.24,0.39,2380,2.59,200
계룡건설,84371,2.14,0.17,6828,3.42,500
수산중공업,2566,8.25,0.94,292,0.41,10
가온전선,49444,8.32,0.41,2458,0.24,50
대영포장,1753,8.95,0.68,134,0.0,0
HDC현대EP,10618,10.23,0.38,398,2.95,120
한국공항,110940,21.66,0.37,1888,0.0,0
대신증권2우B,0,0.0,0.0,0,9.39,1200
대양금속,3353,13.41,1.01,252,0.0,0
세아특수강,40593,6.79,0.37,2185,6.74,1000
유화증권,10892,33.51,0.21,67,4.9,110
조선선재,134669,9.61,0.74,10425,1.5,1500
신일전자,1165,118.6,1.53,15,0.56,10
미래산업,3527,13.63,1.17,303,0.0,0
미창석유,212260,4.57,0.33,15455,3.54,2500
한국특강,3322,2.91,0.6,687,0.0,0
삼원강재,5807,9.27,0.52,327,3.47,105
KCTC,8350,4.57,0.48,879,1.49,60
씨티알모빌리티,12061,105.88,1.15,131,0.0,0
경동도시가스,67007,4.95,0.3,4105,4.31,875
동남합성,14281,11.45,2.39,2983,2.56,875
한양증권,36091,5.04,0.26,1858,8.55,800
한솔홀딩스,13522,2.46,0.21,1144,4.27,120
한국수출포장,7340,5.55,0.4,531,2.72,80
삼화전기,10248,10.81,1.7,1611,1.72,300
삼일제약,8884,0.0,0.85,0,0.0,0
조흥,256975,10.23,0.74,18552,3.43,6500
KTis,6434,6.47,0.5,501,3.7,120
인천도시가스,48520,8.69,0.53,2956,4.86,1250
유니드비티플러스,18122,118.11,0.59,90,0.0,0
CJ씨푸드,2107,15.17,1.48,205,0.0,0
팜젠사이언스,13118,1.54,0.53,4498,0.0,0
광명전기,2621,20.4,0.97,124,0.4,10
두산2우B,0,0.0,0.0,0,1.65,2000
CJ우,0,0.0,0.0,0,5.34,2550
씨아이테크,1240,0.0,1.76,0,0.0,0
크라운제과,16001,4.05,0.53,2116,2.92,250
덕성,5862,43.38,1.16,157,0.66,45
두올,5889,14.4,0.55,224,2.48,80
화성산업,39046,4.68,0.27,2229,4.79,500
동양철관,740,26.82,1.2,33,0.0,0
세이브존I&C,12290,10.56,0.21,243,1.17,30
두산퓨얼셀1우,0,0.0,0.0,0,0.0,0
태평양물산,4369,3.87,0.49,548,1.42,30
엔에이치스팩19호,0,0.0,0.0,0,0.0,0
삼익악기,3225,6.06,0.35,186,4.44,50
코스맥스비티아이,31502,0.0,0.34,0,0.0,0
한진중공업홀딩스,13021,6.07,0.26,563,2.92,100
이지스레지던스리츠
대유플러스,503,0.0,1.58,0,0.0,0
HS애드,10892,5.61,0.55,1077,6.62,400
현대코퍼레이션홀딩스,25341,2.87,0.43,3810,4.57,500
웅진,978,11.99,1.26,103,0.0,0
모나리자,2123,42.19,1.27,64,1.85,50
금비,106871,0.0,0.91,0,1.34,1300
동방,2685,119.12,0.75,17,0.0,0
SG세계물산,1234,52.56,0.38,9,0.0,0
무림페이퍼,10014,6.29,0.23,365,2.18,50
콤텍시스템,1259,3.92,0.63,201,0.0,0
대원화성,1532,0.0,1.5,0,0.0,0
유니온,7741,0.0,0.78,0,2.06,125
기신정기,8569,11.07,0.38,291,4.66,150
에이플러스에셋,6449,1.87,0.64,2226,4.81,200
인바이오젠,747,0.0,0.63,0,0.0,0
일성건설,2224,14.85,0.77,115,0.29,5
인팩,11399,7.01,0.81,1320,1.95,180
미래에셋글로벌리츠
다스코,7408,53.52,0.64,88,0.0,0
텔코웨어,19820,13.68,0.47,688,6.38,600
대현,5480,3.61,0.38,574,5.3,110
방림,5532,14.14,0.39,152,2.09,45
크라운해태홀딩스,20510,10.89,0.3,559,1.64,100
화천기계,6506,22.75,0.63,180,0.73,30
동일고무벨트,15353,11.52,0.42,561,1.86,120
동원금속,1314,3.95,1.46,485,0.0,0
지엠비코리아,13567,7.54,0.34,621,1.71,80
HL D&I,11284,7.83,0.21,300,0.0,0
고려산업,4286,126.79,0.83,28,0.7,25
보락,808,28.88,1.82,51,0.48,7
남광토건,10896,4.55,0.82,1969,0.0,0
한신공영,63050,1.92,0.12,3928,3.98,300
국제약품,3666,23.32,1.12,176,0.0,0
동방아그로,12112,11.67,0.53,546,3.92,250
KC코트렐,1562,0.0,1.09,0,0.0,0
일신석재,713,37.17,1.56,30,0.0,0
삼호개발,9788,13.04,0.35,265,5.5,190
써니전자,2101,16.91,1.16,144,0.0,0
조광페인트,16695,0.0,0.4,0,1.51,100
새론오토모티브,11978,0.0,0.37,0,3.17,140
KH 필룩스,2771,0.0,0.16,0,0.0,0
신송홀딩스,8832,50.29,0.79,139,1.72,120
진양산업,3941,13.58,1.63,472,3.12,200
다이나믹디자인,3499,0.0,1.37,0,0.0,0
제일연마,12792,27.81,0.65,297,3.27,270
아센디오,384,0.0,2.49,0,0.0,0
명문제약,2648,10.47,0.92,233,0.0,0
하이스틸,7380,7.11,0.55,574,0.49,20
유유제약,7144,0.0,0.68,0,2.18,105
화승코퍼레이션,3752,26.03,0.44,63,3.05,50
엔케이,1457,7.56,0.71,136,0.0,0
신영와코루,40302,3.49,0.23,2611,1.65,150
호전실업,14510,2.85,0.58,2932,3.59,300
남성,3821,22.06,0.59,102,1.11,25
깨끗한나라,6481,0.0,0.34,0,0.0,0
한일철강,7065,0.0,0.43,0,1.0,30
대원전선,1273,61.94,0.88,18,0.0,0
대동전자,20487,7.54,0.37,1015,3.27,250
한세엠케이,1408,0.0,1.88,0,0.0,0
사조오양,21856,9.36,0.39,905,1.42,120
오리엔트바이오,702,2.3,0.94,288,0.0,0
삼성공조,32070,1.88,0.3,5102,0.83,80
유한양행우,0,0.0,0.0,0,0.63,410
마스턴프리미어리츠
보해양조,593,0.0,0.94,0,0.0,0
상신브레이크,9851,96.89,0.36,37,2.79,100
상상인증권,2103,20.26,0.34,35,0.0,0
이건산업,18762,13.97,0.37,501,1.43,100
SH에너지화학,857,40.29,0.8,17,1.46,10
유성기업,11419,3.96,0.26,741,4.09,120
휴니드,11026,7.67,0.49,707,0.0,0
평화산업,755,12.56,1.85,111,0.0,0
화승알앤에이,4879,5.99,0.82,668,1.25,50
한솔홈데코,1903,0.0,0.5,0,0.0,0
대우부품,539,0.0,2.84,0,0.0,0
플레이그램,685,42.79,0.87,14,0.0,0
인디에프,537,0.0,1.86,0,0.0,0
NH프라임리츠
청호ICT,1111,0.0,2.24,0,0.0,0
까뮤이앤씨,1753,0.0,0.95,0,1.2,20
화천기공,156939,1.99,0.22,17039,7.36,2500
DSR,12480,3.11,0.37,1502,1.28,60
에이엔피,741,0.0,2.27,0,0.0,0
혜인,10052,0.0,0.58,0,1.02,60
서울식품,76,98.5,2.59,2,0.0,0
마니커,777,73.44,1.51,16,0.0,0
동양피스톤,9239,28.28,0.61,198,1.07,60
SK우,0,0.0,0.0,0,3.87,5050
KC그린홀딩스,7463,0.0,0.44,0,1.53,50
서원,2870,255.5,0.53,6,0.0,0
천일고속,18651,0.0,2.72,0,0.0,0
조비,11842,8.27,1.16,1664,0.0,0
인터지스,8867,2.2,0.27,1092,5.0,120
삼화왕관,65831,0.0,0.5,0,3.63,1200
부산산업,55020,27.62,1.23,2451,0.37,250
쌍방울,528,0.0,0.51,0,0.0,0
사조씨푸드,13889,8.52,0.3,482,0.97,40
SG글로벌,2695,0.0,0.57,0,0.0,0
우진플라임,5139,3.18,0.68,1092,1.44,50
한솔로지스틱스,3726,2.83,0.67,882,2.81,70
핸즈코퍼레이션,9053,0.0,0.35,0,0.0,0
영보화학,8125,10.01,0.42,343,1.46,50
아모레G우,0,0.0,0.0,0,1.97,210
하이트론,1353,0.0,1.83,0,0.0,0
우성,67491,447.96,0.33,49,0.0,0
한익스프레스,8649,9.74,0.65,581,2.3,130
영흥,2456,0.0,0.27,0,0.0,0
삼화전자,1085,0.0,5.18,0,0.0,0
CS홀딩스,242997,4.63,0.24,12700,0.85,500
세원정공,45187,0.0,0.15,0,0.37,25
SJM,11352,13.96,0.39,316,2.27,100
부국철강,6300,9.49,0.53,355,2.23,75
모나미,5502,21.33,0.64,166,1.98,70
DSR제강,12715,2.31,0.36,2009,1.29,60
문배철강,8612,2.43,0.38,1338,1.54,50
코오롱인더우,0,0.0,0.0,0,5.6,1350
케이비아이동국실업,1765,12.98,0.34,46,0.0,0
한국종합기술,14302,16.47,0.42,365,1.66,100
신세계건설,70930,0.0,0.23,0,3.1,500
대림B&Co,9514,0.0,0.4,0,2.87,110
한화솔루션우,0,0.0,0.0,0,0.0,0
범양건영,3085,0.0,0.83,0,0.0,0
KR모터스,345,0.0,1.91,0,0.0,0
에쓰씨엔지니어링,1320,11.6,1.54,175,0.0,0
미래에셋맵스리츠
삼정펄프,85204,0.0,0.29,0,4.0,1000
메타랩스,3160,0.0,0.79,0,0.0,0
GS우,0,0.0,0.0,0,7.31,2550
SK케미칼우,0,0.0,0.0,0,5.34,1550
시디즈,37778,19.92,0.8,1516,1.32,400
대유에이텍,942,0.0,0.55,0,0.0,0
성보화학,6994,14.88,0.43,204,4.45,135
신풍제약우,0,0.0,0.0,0,0.0,0
티웨이홀딩스,1505,0.77,0.36,697,0.0,0
비상교육,16097,0.0,0.28,0,2.2,100
에스메디,1172,0.0,0.41,0,0.0,0
한창제지,1851,47.19,0.54,21,2.02,20
티에이치엔,4827,0.0,0.68,0,1.53,50
솔루스첨단소재1우,0,0.0,0.0,0,1.45,101
SJM홀딩스,11073,30.91,0.35,127,3.82,150
IHQ,303,0.0,0.79,0,0.0,0
부국증권우,0,0.0,0.0,0,8.07,1550
삼일씨엔에스,21073,0.0,0.21,0,0.0,0
현대건설우,0,0.0,0.0,0,1.24,650
세원이앤씨,3875,0.0,0.33,0,0.0,0
진양폴리,3071,15.62,1.77,349,3.67,200
국보,4100,0.0,1.09,0,0.0,0
계양전기,3924,0.0,0.51,0,1.25,25
대한방직,37439,0.0,0.27,0,0.0,0
선도전기,3277,0.0,0.92,0,0.0,0
대림통상,5308,14.07,0.67,252,0.85,30
일진디스플,562,0.0,1.81,0,0.0,0
갤럭시아에스엠,1210,11.31,1.56,167,0.0,0
롯데칠성우,0,0.0,0.0,0,5.01,3305
미래에셋증권우,0,0.0,0.0,0,6.01,220
진양화학,2199,0.0,1.46,0,0.0,0
MH에탄올,10227,8.93,0.67,766,3.65,250
형지엘리트,2200,6.04,0.72,262,0.0,0
케이탑리츠
화인베스틸,2628,0.0,0.62,0,0.0,0
영화금속,1191,101.11,0.76,9,0.0,0
국동,1997,33.84,0.42,25,0.0,0
남양유업우,0,0.0,0.0,0,0.43,1050
한국전자홀딩스,3242,2.76,0.31,369,4.9,50
원림,55263,5.91,0.37,3500,1.69,350
평화홀딩스,7178,0.0,0.46,0,4.59,150
유엔젤,4499,19.14,0.79,185,0.0,0
TBH글로벌,2886,9.45,0.77,236,0.0,0
DL이앤씨2우(전환),0,0.0,0.0,0,4.62,1000
바다로19호
체시스,895,0.0,1.57,0,0.0,0
이화산업,54787,885.56,0.29,18,0.0,0
페이퍼코리아,1297,0.0,0.7,0,0.0,0
비비안,3232,0.0,0.43,0,0.0,0
SK디스커버리우,0,0.0,0.0,0,5.8,1750
WISCOM,7345,0.0,0.36,0,1.87,50
유화증권우,0,0.0,0.0,0,5.16,120
카프로,665,0.0,1.5,0,0.0,0
호텔신라우,0,0.0,0.0,0,0.48,250
우진아이엔에스,13930,0.0,0.37,0,0.0,0
전방,184874,0.4,0.13,59197,4.25,1000
동일제강,7970,11.3,0.24,169,0.52,10
세우글로벌,1597,25.43,0.84,53,0.0,0
동양고속,28704,0.0,0.46,0,0.0,0
태원물산,4033,0.0,1.25,0,0.99,50
부산주공,316,0.0,1.54,0,0.0,0
DL이앤씨우,0,0.0,0.0,0,5.85,1050
동원수산,13454,6.14,0.61,1328,3.07,250
세기상사,5022,0.0,1.35,0,0.0,0
에넥스,748,0.0,0.83,0,0.0,0
미래아이앤지,2635,0.0,0.5,0,0.0,0
윌비스,1522,0.0,0.36,0,0.0,0
주연테크,730,0.0,0.84,0,0.0,0
성문전자,1756,14.38,0.92,112,0.31,5
경인전자,49149,10.77,0.46,2080,1.56,350
이스타코,1165,0.0,0.71,0,0.0,0
한창,275,0.0,1.36,0,0.0,0
한국ANKOR유전
유안타증권우,0,0.0,0.0,0,6.12,160
모두투어리츠
DL우,0,0.0,0.0,0,5.33,1050
SUN&L,12936,0.0,0.2,0,0.0,0
대교우B,0,0.0,0.0,0,2.66,45
한성기업,9257,20.92,0.56,250,0.0,0
제이준코스메틱,10836,0.0,0.65,0,0.0,0
금호전기,890,0.0,0.97,0,0.0,0
두산퓨얼셀2우B,0,0.0,0.0,0,0.0,0
한국주강,2671,17.6,1.01,154,0.0,0
신풍,2895,0.0,0.3,0,5.72,50
참엔지니어링,1317,0.0,0.39,0,0.0,0
BYC우,0,0.0,0.0,0,2.18,3050
한솔PNS,2311,15.42,0.61,92,1.76,25
대한항공우,0,0.0,0.0,0,3.07,800
롯데지주우,0,0.0,0.0,0,4.4,1550
SHD,42355,2.61,0.55,8905,0.43,100
진도,8369,6.1,0.27,367,3.13,70
세방우,0,0.0,0.0,0,4.53,305
녹십자홀딩스2우,0,0.0,0.0,0,1.04,300
대덕전자1우,0,0.0,0.0,0,3.77,405
LX하우시스우,0,0.0,0.0,0,1.22,250
태양금속우,0,0.0,0.0,0,0.16,10
한화투자증권우,0,0.0,0.0,0,0.0,0
코리아써우,0,0.0,0.0,0,0.0,0
비케이탑스,277,0.0,3.26,0,0.0,0
코아스,562,0.0,1.09,0,0.0,0
넥센타이어1우B,0,0.0,0.0,0,3.61,105
대상우,0,0.0,0.0,0,5.96,810
코오롱모빌리티그룹우,0,0.0,0.0,0,0.0,0
대한제당우,0,0.0,0.0,0,4.62,125
솔루스첨단소재2우B,0,0.0,0.0,0,1.08,100
하이트진로2우B,0,0.0,0.0,0,6.67,1000
에이리츠
삼양홀딩스우,0,0.0,0.0,0,6.83,3550
일정실업,3682,0.0,3.5,0,0.0,0
NPC우,0,0.0,0.0,0,3.62,105
한화우,0,0.0,0.0,0,2.54,800
코오롱우,0,0.0,0.0,0,4.33,600
LX홀딩스1우,0,0.0,0.0,0,3.36,320
코오롱글로벌우,0,0.0,0.0,0,2.45,450
JW중외제약2우B,0,0.0,0.0,0,0.59,375
한진칼우,0,0.0,0.0,0,0.81,195
한화갤러리아우,0,0.0,0.0,0,0.0,0
JW중외제약우,0,0.0,0.0,0,1.18,400
대덕1우,0,0.0,0.0,0,4.49,405
넥센우,0,0.0,0.0,0,3.89,115
유유제약1우,0,0.0,0.0,0,2.51,110
티와이홀딩스우,0,0.0,0.0,0,2.28,175
삼양사우,0,0.0,0.0,0,5.14,1300
노루페인트우,0,0.0,0.0,0,1.4,280
성신양회우,0,0.0,0.0,0,2.04,250
노루홀딩스우,0,0.0,0.0,0,1.36,505
덕성우,0,0.0,0.0,0,0.79,50
크라운제과우,0,0.0,0.0,0,2.42,252
SK증권우,0,0.0,0.0,0,0.5,10
태영건설우,0,0.0,0.0,0,3.99,230
대상홀딩스우,0,0.0,0.0,0,3.48,280
남선알미우,0,0.0,0.0,0,0.0,0
일양약품우,0,0.0,0.0,0,1.13,175
크라운해태홀딩스우,0,0.0,0.0,0,1.01,105
한양증권우,0,0.0,0.0,0,7.14,850
동원시스템즈우,0,0.0,0.0,0,2.83,650
동부건설우,0,0.0,0.0,0,2.05,550
금강공업우,0,0.0,0.0,0,1.3,130
코리아써키트2우B,0,0.0,0.0,0,0.0,0
대원전선우,0,0.0,0.0,0,0.0,0
하이트진로홀딩스우,0,0.0,0.0,0,4.58,550
깨끗한나라우,0,0.0,0.0,0,0.0,0
계양전기우,0,0.0,0.0,0,0.73,30
금호건설우,0,0.0,0.0,0,3.59,550
흥국화재우,0,0.0,0.0,0,0.0,0
CJ씨푸드1우,0,0.0,0.0,0,0.0,0
서울식품우,0,0.0,0.0,0,0.0,0
성문전자우,0,0.0,0.0,0,0.16,10
유유제약2우B,0,0.0,0.0,0,0.96,110
진흥기업우B,0,0.0,0.0,0,0.0,0
동양2우B,0,0.0,0.0,0,1.42,150
진흥기업2우B,0,0.0,0.0,0,0.0,0
동양우,0,0.0,0.0,0,1.73,90
